quantity,value
response_prob_A1_minus,0.483913698706025
response_prob_A1_plus,0.4757383132847742
pre_positive_prob_A1_minus,0.6314285714285715
pre_positive_prob_A1_plus,0.6377715911001302
pre_zero_prob_A1_minus,0.3685714285714285
pre_zero_prob_A1_plus,0.36222840889986985
responder_positive_prob_A2_minus,0.6314285714285715
responder_positive_prob_A2_plus,0.5951538972181531
responder_zero_prob_A2_minus,0.3685714285714285
responder_zero_prob_A2_plus,0.4048461027818468
nonresponder_positive_prob_A2_minus,0.7016455020678845
nonresponder_positive_prob_A2_plus,0.7222237167750909
nonresponder_zero_prob_A2_minus,0.29835449793211555
nonresponder_zero_prob_A2_plus,0.2777762832249091
responder_positive_prob_A1_minus_at_A2_minus,0.6684247046054943
responder_positive_prob_A1_plus_at_A2_minus,0.5928191052452133
responder_zero_prob_A1_minus_at_A2_minus,0.33157529539450564
responder_zero_prob_A1_plus_at_A2_minus,0.4071808947547867
nonresponder_positive_prob_A1_minus_at_A2_minus,0.69821473541401
nonresponder_positive_prob_A1_plus_at_A2_minus,0.7050537424356504
nonresponder_zero_prob_A1_minus_at_A2_minus,0.30178526458599003
nonresponder_zero_prob_A1_plus_at_A2_minus,0.29494625756434956
pre_positive_count_mean_A1_minus,14.75319258384435
pre_positive_count_mean_A1_plus,17.00437560784044
responder_positive_count_mean_A2_minus,17.26242762081182
responder_positive_count_mean_A2_plus,20.742884286440685
nonresponder_positive_count_mean_A2_minus,30.267594459091967
nonresponder_positive_count_mean_A2_plus,22.77721945628987
responder_positive_count_mean_A1_minus_at_A2_minus,16.716833141899567
responder_positive_count_mean_A1_plus_at_A2_minus,17.825829068979402
nonresponder_positive_count_mean_A1_minus_at_A2_minus,26.860087082606498
nonresponder_positive_count_mean_A1_plus_at_A2_minus,34.10738288094204
