design_input,value
response_prob_A1_minus,0.4839136987060251
response_prob_A1_plus,0.47573831328477406
response_Y0_log_or,-0.01686899715103205
positive_Y0_log_or,0.015698135776276496
positive_time_log_or,0.0017321406493975289
first_stage_positive_or_A1_plus_vs_minus,1.0277325190966762
responder_positive_or_A1_plus_vs_minus,0.7222116197716005
nonresponder_positive_or_A1_plus_vs_minus,1.0332094092024104
responder_positive_or_A2_plus_vs_minus,0.8580977347403799
nonresponder_positive_or_vs_responder,1.372721995440533
nonresponder_positive_or_A2_plus_vs_minus,1.1055831916794627
count_Y0_log_ratio,0.01188845816856403
count_time_log_ratio,0.015344410400591906
pre_count_mean_A1_minus,14.753192583844351
pre_count_mean_A1_plus,17.004375607840437
responder_count_mean_ratio_A1_plus_vs_minus,1.0663400888809151
nonresponder_count_mean_ratio_A1_plus_vs_minus,1.2698165414027949
responder_count_mean_A2_minus,17.26242762081182
responder_count_mean_A2_plus,20.74288428644067
nonresponder_count_mean_A2_minus,30.267594459091963
nonresponder_count_mean_A2_plus,22.777219456289867
