time,A1,R,A2,n,n_positive,prop_positive
2,-1,0,-1,53,36,0.6792452830188679
2,-1,0,1,46,32,0.6956521739130435
2,-1,1,-1,36,18,0.5
2,-1,1,1,40,26,0.65
2,1,0,-1,45,27,0.6
2,1,0,1,53,36,0.6792452830188679
2,1,1,-1,41,27,0.6585365853658537
2,1,1,1,36,18,0.5
4,-1,0,-1,53,33,0.6226415094339622
4,-1,0,1,46,34,0.7391304347826086
4,-1,1,-1,36,24,0.6666666666666666
4,-1,1,1,40,24,0.6
4,1,0,-1,45,34,0.7555555555555555
4,1,0,1,53,35,0.660377358490566
4,1,1,-1,41,21,0.5121951219512195
4,1,1,1,36,16,0.4444444444444444
