"model","outcome_label","DTR","A1","A2R","A2NR","dtr_labels_number","DTR_label_int","DTR_label","Estimate","Lower","Upper","dtr_plot_label"
"Binary Model: P(Y=0)","P(Y = 0)","-1,-1,-1",-1,-1,-1,"DTR 1","TM,TM,TM","DTR 1: TM,TM,TM",0.364285147191338,0.256677639072802,0.471892655309874,"DTR 1: TM,TM,TM"
"Binary Model: P(Y=0)","P(Y = 0)","-1,-1,1",-1,-1,1,"DTR 2","TM,TM,HC","DTR 2: TM,TM,HC",0.324773815161452,0.219181992864991,0.430365637457913,"DTR 2: TM,TM,HC"
"Binary Model: P(Y=0)","P(Y = 0)","-1,1,-1",-1,1,-1,"DTR 3","TM,RB,TM","DTR 3: TM,RB,TM",0.370499121794967,0.26510941412444,0.475888829465494,"DTR 3: TM,RB,TM"
"Binary Model: P(Y=0)","P(Y = 0)","-1,1,1",-1,1,1,"DTR 4","TM,RB,HC","DTR 4: TM,RB,HC",0.330987789765081,0.226447271040008,0.435528308490153,"DTR 4: TM,RB,HC"
"Binary Model: P(Y=0)","P(Y = 0)","1,-1,-1",1,-1,-1,"DTR 5","HC,HC,HC","DTR 5: HC,HC,HC",0.355974199158498,0.261505382393155,0.45044301592384,"DTR 5: HC,HC,HC"
"Binary Model: P(Y=0)","P(Y = 0)","1,-1,1",1,-1,1,"DTR 6","HC,HC,HC+","DTR 6: HC,HC,HC+",0.376378376572504,0.279540667915118,0.473216085229891,"DTR 6: HC,HC,HC+"
"Binary Model: P(Y=0)","P(Y = 0)","1,1,-1",1,1,-1,"DTR 7","HC,RB,HC","DTR 7: HC,RB,HC",0.398552849649083,0.294548861681922,0.502556837616244,"DTR 7: HC,RB,HC"
"Binary Model: P(Y=0)","P(Y = 0)","1,1,1",1,1,1,"DTR 8","HC,RB,HC+","DTR 8: HC,RB,HC+",0.41895702706309,0.313076008456501,0.524838045669679,"DTR 8: HC,RB,HC+"
"Truncated Count Model: E[Y|Y>0]","E[Y | Y > 0]","-1,-1,-1",-1,-1,-1,"DTR 1","TM,TM,TM","DTR 1: TM,TM,TM",26.1914250207092,17.5615541263591,34.8212959150594,"DTR 1: TM,TM,TM"
"Truncated Count Model: E[Y|Y>0]","E[Y | Y > 0]","-1,-1,1",-1,-1,1,"DTR 2","TM,TM,HC","DTR 2: TM,TM,HC",21.9765683433509,12.6499297214157,31.3032069652861,"DTR 2: TM,TM,HC"
"Truncated Count Model: E[Y|Y>0]","E[Y | Y > 0]","-1,1,-1",-1,1,-1,"DTR 3","TM,RB,TM","DTR 3: TM,RB,TM",27.7733024961114,18.7213388325186,36.8252661597041,"DTR 3: TM,RB,TM"
"Truncated Count Model: E[Y|Y>0]","E[Y | Y > 0]","-1,1,1",-1,1,1,"DTR 4","TM,RB,HC","DTR 4: TM,RB,HC",23.4258726053566,13.7263780760079,33.1253671347053,"DTR 4: TM,RB,HC"
"Truncated Count Model: E[Y|Y>0]","E[Y | Y > 0]","1,-1,-1",1,-1,-1,"DTR 5","HC,HC,HC","DTR 5: HC,HC,HC",43.5979000613596,28.4135759488309,58.7822241738883,"DTR 5: HC,HC,HC"
"Truncated Count Model: E[Y|Y>0]","E[Y | Y > 0]","1,-1,1",1,-1,1,"DTR 6","HC,HC,HC+","DTR 6: HC,HC,HC+",27.1294293196712,18.2528905497797,36.0059680895628,"DTR 6: HC,HC,HC+"
"Truncated Count Model: E[Y|Y>0]","E[Y | Y > 0]","1,1,-1",1,1,-1,"DTR 7","HC,RB,HC","DTR 7: HC,RB,HC",47.0251539416866,27.7995985512515,66.2507093321217,"DTR 7: HC,RB,HC"
"Truncated Count Model: E[Y|Y>0]","E[Y | Y > 0]","1,1,1",1,1,1,"DTR 8","HC,RB,HC+","DTR 8: HC,RB,HC+",29.470231779001,15.4318407745787,43.5086227834234,"DTR 8: HC,RB,HC+"
