"A1","A2R","A2NR","DTR","time","p_zero","m_plus","p_zero_se","m_plus_se","p_zero_lower","p_zero_upper","m_plus_lower","m_plus_upper","DTR_label_int","dtr_labels_number","DTR_label"
-1,-1,-1,"-1,-1,-1",2,0.36965957276227,27.0976511855466,0.0365523003042262,3.36795818116549,0.298017064165986,0.441302081358553,20.4964531504622,33.698849220631,"TM,TM,TM","DTR 1","DTR 1: TM,TM,TM"
-1,-1,1,"-1,-1,1",2,0.349377930730761,24.8584628412869,0.0358665105736087,3.43077573949385,0.279079570006488,0.419676291455034,18.134142391879,31.5827832906949,"TM,TM,HC","DTR 2","DTR 2: TM,TM,HC"
-1,1,-1,"-1,1,-1",2,0.372792758631785,27.9446766414709,0.0357744666225036,3.3267031659749,0.302674804051678,0.442910713211892,21.4243384361601,34.4650148467817,"TM,RB,TM","DTR 3","DTR 3: TM,RB,TM"
-1,1,1,"-1,1,1",2,0.352511116600276,25.6681210759533,0.0353383810338143,3.39563113383262,0.283247889774,0.421774343426552,19.0126840536413,32.3235580982652,"TM,RB,HC","DTR 4","DTR 4: TM,RB,HC"
1,-1,-1,"1,-1,-1",2,0.364736490169198,34.3453121256974,0.0322575864956345,4.65835132760114,0.301511620637754,0.427961359700641,25.2149435235991,43.4756807277956,"HC,HC,HC","DTR 5","DTR 5: HC,HC,HC"
1,-1,1,"1,-1,1",2,0.375456662454703,27.5825745531405,0.0331384490418939,3.53146532316695,0.310505302332591,0.440408022576815,20.6609025197332,34.5042465865477,"HC,HC,HC+","DTR 6","DTR 6: HC,HC,HC+"
1,1,-1,"1,1,-1",2,0.38592642519664,35.8074278881537,0.0352125816939819,6.23199037100388,0.316909765076436,0.454943085316845,23.5927267609861,48.0221290153213,"HC,RB,HC","DTR 7","DTR 7: HC,RB,HC"
1,1,1,"1,1,1",2,0.396646597482146,28.8331595007168,0.0359807039049171,5.24814541654891,0.326124417828508,0.467168777135783,18.5467944842809,39.1195245171526,"HC,RB,HC+","DTR 8","DTR 8: HC,RB,HC+"
-1,-1,-1,"-1,-1,-1",4,0.364285147191338,26.1914250207092,0.0549017898563959,4.4029953542603,0.256677639072802,0.471892655309874,17.5615541263591,34.8212959150594,"TM,TM,TM","DTR 1","DTR 1: TM,TM,TM"
-1,-1,1,"-1,-1,1",4,0.324773815161452,21.9765683433509,0.0538733787226841,4.75848909282408,0.219181992864991,0.430365637457913,12.6499297214157,31.3032069652861,"TM,TM,HC","DTR 2","DTR 2: TM,TM,HC"
-1,1,-1,"-1,1,-1",4,0.370499121794967,27.7733024961114,0.0537702590155748,4.61834880795547,0.26510941412444,0.475888829465494,18.7213388325186,36.8252661597041,"TM,RB,TM","DTR 3","DTR 3: TM,RB,TM"
-1,1,1,"-1,1,1",4,0.330987789765081,23.4258726053566,0.0533369993495268,4.94872169864729,0.226447271040008,0.435528308490153,13.7263780760079,33.1253671347053,"TM,RB,HC","DTR 4","DTR 4: TM,RB,HC"
1,-1,-1,"1,-1,-1",4,0.355974199158498,43.5979000613596,0.0481983759006852,7.74710413904525,0.261505382393155,0.45044301592384,28.4135759488309,58.7822241738883,"HC,HC,HC","DTR 5","DTR 5: HC,HC,HC"
1,-1,1,"1,-1,1",4,0.376378376572504,27.1294293196712,0.0494069942129524,4.52884631116916,0.279540667915118,0.473216085229891,18.2528905497797,36.0059680895628,"HC,HC,HC+","DTR 6","DTR 6: HC,HC,HC+"
1,1,-1,"1,1,-1",4,0.398552849649083,47.0251539416866,0.0530632591669188,9.80895683185464,0.294548861681922,0.502556837616244,27.7995985512515,66.2507093321217,"HC,RB,HC","DTR 7","DTR 7: HC,RB,HC"
1,1,1,"1,1,1",4,0.41895702706309,29.470231779001,0.0540209278605046,7.16244439001142,0.313076008456501,0.524838045669679,15.4318407745787,43.5086227834234,"HC,RB,HC+","DTR 8","DTR 8: HC,RB,HC+"
