DTR_Number,DTR_label_int,DTR,branch,n,n_positive,prop_positive,positive_mean,positive_sd,positive_min,positive_q25,positive_median,positive_q75,positive_max
DTR 1,"TM,RB,TM","-1,-1,-1",Responder,36,24,0.6666666666666666,15.166666666666666,15.170528255015771,1,3.75,8.5,23.25,52
DTR 1,"TM,RB,TM","-1,-1,-1",Nonresponder,53,33,0.6226415094339622,31.575757575757574,32.98866311233896,2,12,20,34,124
DTR 2,"TM,RB,HC","-1,-1,1",Responder,36,24,0.6666666666666666,15.166666666666666,15.170528255015771,1,3.75,8.5,23.25,52
DTR 2,"TM,RB,HC","-1,-1,1",Nonresponder,46,34,0.7391304347826086,26.205882352941178,44.33397999876837,1,5,10.5,26.75,231
DTR 3,"TM,TM,TM","-1,1,-1",Responder,40,24,0.6,22.541666666666668,24.87530496499388,2,4,16,31,118
DTR 3,"TM,TM,TM","-1,1,-1",Nonresponder,53,33,0.6226415094339622,31.575757575757574,32.98866311233896,2,12,20,34,124
DTR 4,"TM,TM,HC","-1,1,1",Responder,40,24,0.6,22.541666666666668,24.87530496499388,2,4,16,31,118
DTR 4,"TM,TM,HC","-1,1,1",Nonresponder,46,34,0.7391304347826086,26.205882352941178,44.33397999876837,1,5,10.5,26.75,231
DTR 5,"HC,RB,HC","1,-1,-1",Responder,41,21,0.5121951219512195,27.476190476190474,21.299340477158086,1,6,22,49,67
DTR 5,"HC,RB,HC","1,-1,-1",Nonresponder,45,34,0.7555555555555555,49.205882352941174,60.43969166024708,1,5,23,88,169
DTR 6,"HC,RB,HC+","1,-1,1",Responder,41,21,0.5121951219512195,27.476190476190474,21.299340477158086,1,6,22,49,67
DTR 6,"HC,RB,HC+","1,-1,1",Nonresponder,53,35,0.660377358490566,25.542857142857144,30.556931299136828,1,5.5,17,31.5,158
DTR 7,"HC,HC,HC","1,1,-1",Responder,36,16,0.4444444444444444,24.625,48.409193341761025,1,4.25,7,19.75,196
DTR 7,"HC,HC,HC","1,1,-1",Nonresponder,45,34,0.7555555555555555,49.205882352941174,60.43969166024708,1,5,23,88,169
DTR 8,"HC,HC,HC+","1,1,1",Responder,36,16,0.4444444444444444,24.625,48.409193341761025,1,4.25,7,19.75,196
DTR 8,"HC,HC,HC+","1,1,1",Nonresponder,53,35,0.660377358490566,25.542857142857144,30.556931299136828,1,5.5,17,31.5,158
