"scenario_id","scenario_label","scenario_family","ZI","corstr","rho","DTR","p_zero","m_plus","p_zero_bias","m_plus_bias","p_zero_se","m_plus_se","p_zero_covered","m_plus_covered","p_zero_emp_sd","m_plus_emp_sd"
"A1_ZI_37_exchangeable_rho_0.3","A1","A. Correlated outcomes, rho 0.3",37,"exchangeable",0.3,"-1,-1,-1",0.349384231159413,19.5892947994789,-8.50513290453267e-05,-0.0102008507983879,0.0475325498224587,0.730639229859782,0.9536,0.948,0.0461456144657828,0.72038296469179
"A1_ZI_37_exchangeable_rho_0.3","A1","A. Correlated outcomes, rho 0.3",37,"exchangeable",0.3,"-1,-1,1",0.338732022615972,16.6698837080983,-0.000257905499805746,-0.000947702427090538,0.0471340802811836,0.5339081280366,0.9522,0.953,0.0457343055813899,0.521046846069667
"A1_ZI_37_exchangeable_rho_0.3","A1","A. Correlated outcomes, rho 0.3",37,"exchangeable",0.3,"-1,1,-1",0.367956420057565,21.2245222381495,-0.000325146139223193,-0.0115736903570552,0.0480431406714925,0.670682380611806,0.9498,0.9444,0.0463928978922493,0.670076782928643
"A1_ZI_37_exchangeable_rho_0.3","A1","A. Correlated outcomes, rho 0.3",37,"exchangeable",0.3,"-1,1,1",0.357304211514125,18.1939676995276,-0.00049800030998367,-0.000966907834352256,0.0476648424635691,0.538840072602337,0.9528,0.9512,0.0464141683254483,0.528322883889624
"A1_ZI_37_exchangeable_rho_0.3","A1","A. Correlated outcomes, rho 0.3",37,"exchangeable",0.3,"1,-1,-1",0.385375597029322,23.9701482283037,-0.000374858947472529,-0.00361089945905371,0.0484430217624528,1.01272129868416,0.9524,0.9564,0.0470656544333592,0.977372986343332
"A1_ZI_37_exchangeable_rho_0.3","A1","A. Correlated outcomes, rho 0.3",37,"exchangeable",0.3,"1,-1,1",0.375325222027957,19.9485782425922,0.000107364010951136,0.00332854051460342,0.0480492637700562,0.685296644825843,0.959,0.9538,0.0455382237507502,0.666031625884255
"A1_ZI_37_exchangeable_rho_0.3","A1","A. Correlated outcomes, rho 0.3",37,"exchangeable",0.3,"1,1,-1",0.404762910974298,25.6779198948859,-0.000465248746013931,-0.00558251382956686,0.0486974299873265,0.915489425120639,0.953,0.9554,0.0475401324241528,0.900028648086856
"A1_ZI_37_exchangeable_rho_0.3","A1","A. Correlated outcomes, rho 0.3",37,"exchangeable",0.3,"1,1,1",0.394712535972933,21.4978668834133,1.69742124096421e-05,0.00225510696196378,0.0483201443165651,0.638976562782417,0.9534,0.9494,0.0472161305744772,0.636096533827901
"A2_ZI_37_ar1_rho_0.3","A2","A. Correlated outcomes, rho 0.3",37,"ar1",0.3,"-1,-1,-1",0.350304924571305,19.6073646066528,0.000835642082846632,0.00786895637550792,0.0458956958603962,0.709577602298173,0.9512,0.951,0.0445341113903803,0.689629927478128
"A2_ZI_37_ar1_rho_0.3","A2","A. Correlated outcomes, rho 0.3",37,"ar1",0.3,"-1,-1,1",0.339575916163479,16.6759375839341,0.000585988047700953,0.00510617340865505,0.045480834095645,0.512339476414523,0.9518,0.9506,0.0441674008717618,0.50532368008532
"A2_ZI_37_ar1_rho_0.3","A2","A. Correlated outcomes, rho 0.3",37,"ar1",0.3,"-1,1,-1",0.368631635148569,21.2445517179499,0.000350068951780805,0.0084557894433872,0.0463845089600143,0.650177754608632,0.9486,0.945,0.0452882163082638,0.649238755918897
"A2_ZI_37_ar1_rho_0.3","A2","A. Correlated outcomes, rho 0.3",37,"ar1",0.3,"-1,1,1",0.357902626740743,18.201130191571,0.000100414916635079,0.00619558420908404,0.0459938041038172,0.517294551026926,0.9558,0.9488,0.0447796593179803,0.517544801607417
"A2_ZI_37_ar1_rho_0.3","A2","A. Correlated outcomes, rho 0.3",37,"ar1",0.3,"1,-1,-1",0.384704513066563,23.9720228972028,-0.00104594291023163,-0.00173623055994091,0.0467460887258548,0.982479444125783,0.9478,0.954,0.0454916372941198,0.960603065327315
"A2_ZI_37_ar1_rho_0.3","A2","A. Correlated outcomes, rho 0.3",37,"ar1",0.3,"1,-1,1",0.37484559073144,19.940996367525,-0.000372267285565822,-0.00425333455257027,0.0463932128118956,0.662283501148022,0.952,0.9516,0.0449876114749504,0.645484242992284
"A2_ZI_37_ar1_rho_0.3","A2","A. Correlated outcomes, rho 0.3",37,"ar1",0.3,"1,1,-1",0.405068884814601,25.6962989455117,-0.000159274905711477,0.0127965367962619,0.0470453217572117,0.887615296718525,0.9528,0.9476,0.0456946353424516,0.883610857559806
"A2_ZI_37_ar1_rho_0.3","A2","A. Correlated outcomes, rho 0.3",37,"ar1",0.3,"1,1,1",0.395209962479478,21.5009245143591,0.000514400718954253,0.00531273790781715,0.0467194672142916,0.616231156153435,0.952,0.9454,0.0453351324493951,0.608193267259777
"B1_ZI_37_exchangeable_rho_0.5","B1","B. Correlated outcomes, rho 0.5",37,"exchangeable",0.5,"-1,-1,-1",0.348799483690543,19.6162273482644,-0.000669798797915287,0.0167316979870594,0.0491307051976969,0.75504257314992,0.9528,0.9514,0.0473198413874667,0.747243530615868
"B1_ZI_37_exchangeable_rho_0.5","B1","B. Correlated outcomes, rho 0.5",37,"exchangeable",0.5,"-1,-1,1",0.338905198805964,16.663893751927,-8.47293098135602e-05,-0.0069376585984407,0.0487102175546899,0.554121493551654,0.9488,0.9538,0.0473291952023094,0.544374407359297
"B1_ZI_37_exchangeable_rho_0.5","B1","B. Correlated outcomes, rho 0.5",37,"exchangeable",0.5,"-1,1,-1",0.36754428299717,21.2505036280909,-0.000737283199617893,0.0144076995843866,0.0497104036738913,0.694615763815892,0.9502,0.95,0.0486622584878814,0.683822462837078
"B1_ZI_37_exchangeable_rho_0.5","B1","B. Correlated outcomes, rho 0.5",37,"exchangeable",0.5,"-1,1,1",0.357649998112592,18.1864606170781,-0.000152213711516236,-0.00847399028376757,0.0493208932916552,0.559529437315776,0.9496,0.9514,0.0480953177688444,0.549211156891387
"B1_ZI_37_exchangeable_rho_0.5","B1","B. Correlated outcomes, rho 0.5",37,"exchangeable",0.5,"1,-1,-1",0.38487940615181,23.9400599739693,-0.000871049824984806,-0.033699153793471,0.0500028056071411,1.04250394333653,0.9554,0.9528,0.0483092415208126,1.01245033641953
"B1_ZI_37_exchangeable_rho_0.5","B1","B. Correlated outcomes, rho 0.5",37,"exchangeable",0.5,"1,-1,1",0.373851557888821,19.9281124404178,-0.00136630012818518,-0.0171372616598419,0.0496196273456078,0.708304881102848,0.9508,0.953,0.048663033750916,0.688824011645591
"B1_ZI_37_exchangeable_rho_0.5","B1","B. Correlated outcomes, rho 0.5",37,"exchangeable",0.5,"1,1,-1",0.405215069674562,25.6746561140737,-1.3090045750336e-05,-0.00884629464168714,0.050347100043646,0.945256039124526,0.9534,0.9544,0.0494777789907272,0.917519498821608
"B1_ZI_37_exchangeable_rho_0.5","B1","B. Correlated outcomes, rho 0.5",37,"exchangeable",0.5,"1,1,1",0.394187221411573,21.494942499862,-0.000508340348950768,-0.000669276589318907,0.0499931465101713,0.661647458412124,0.9502,0.9518,0.048870588609107,0.653290824734313
"B2_ZI_37_ar1_rho_0.5","B2","B. Correlated outcomes, rho 0.5",37,"ar1",0.5,"-1,-1,-1",0.350070203175769,19.5967587973377,0.00060092068731121,-0.00273685293965344,0.0471520326052706,0.725018867855701,0.9512,0.9482,0.0459392150559592,0.721269687301422
"B2_ZI_37_ar1_rho_0.5","B2","B. Correlated outcomes, rho 0.5",37,"ar1",0.5,"-1,-1,1",0.340014838381193,16.665745243563,0.00102491026541489,-0.0050861669623859,0.046738662326321,0.528227503494785,0.9538,0.9536,0.0455989211031401,0.516447820217302
"B2_ZI_37_ar1_rho_0.5","B2","B. Correlated outcomes, rho 0.5",37,"ar1",0.5,"-1,1,-1",0.368506871399779,21.2246244186495,0.000225305202990406,-0.0114715098570009,0.0477246652153391,0.66611917130719,0.9502,0.951,0.0467647236155306,0.65973431772934
"B2_ZI_37_ar1_rho_0.5","B2","B. Correlated outcomes, rho 0.5",37,"ar1",0.5,"-1,1,1",0.358451506605202,18.1838233520131,0.000649294781094066,-0.0111112553487607,0.0473363850545043,0.533794829765922,0.9496,0.9508,0.04626158964452,0.526471775808508
"B2_ZI_37_ar1_rho_0.5","B2","B. Correlated outcomes, rho 0.5",37,"ar1",0.5,"1,-1,-1",0.386012964045022,23.9767346485475,0.000262508068226803,0.00297552078475418,0.0479849906008171,1.00684500044915,0.9548,0.9542,0.0464479569731374,0.974352629301525
"B2_ZI_37_ar1_rho_0.5","B2","B. Correlated outcomes, rho 0.5",37,"ar1",0.5,"1,-1,1",0.374959972860808,19.9471174648079,-0.000257885156197849,0.00186776273027213,0.0476130001487188,0.678309993883127,0.9584,0.9494,0.045368565169704,0.666639244686981
"B2_ZI_37_ar1_rho_0.5","B2","B. Correlated outcomes, rho 0.5",37,"ar1",0.5,"1,1,-1",0.405447618127346,25.6784869464934,0.000219458407033882,-0.00501546222201476,0.0483389238322761,0.912608198620696,0.9532,0.9506,0.0470358909795906,0.903025709998233
"B2_ZI_37_ar1_rho_0.5","B2","B. Correlated outcomes, rho 0.5",37,"ar1",0.5,"1,1,1",0.394394626943133,21.486461096017,-0.000300934817390838,-0.00915068043426022,0.0479923771758529,0.633171762176579,0.9512,0.9498,0.0470567307717392,0.626028371284858
"C1_ZI_37_independence_rho_0","C1","C. Independent outcomes",37,"independence",0,"-1,-1,-1",0.348743888555714,19.5842192214787,-0.00072539393274426,-0.0152764287986491,0.0450457349743074,0.69721780969447,0.9498,0.955,0.0440358125527778,0.68212455093315
"C1_ZI_37_independence_rho_0","C1","C. Independent outcomes",37,"independence",0,"-1,-1,1",0.338443344372552,16.6615831171129,-0.000546583743225358,-0.00924829341249157,0.0446522268582428,0.503782402451966,0.9472,0.9514,0.0443942595543135,0.502449956114803
"C1_ZI_37_independence_rho_0","C1","C. Independent outcomes",37,"independence",0,"-1,1,-1",0.367750934273653,21.22427577503,-0.000530631923135261,-0.011820153476562,0.0457034134722803,0.640413789257882,0.9516,0.9492,0.0442947677354431,0.627327451909507
"C1_ZI_37_independence_rho_0","C1","C. Independent outcomes",37,"independence",0,"-1,1,1",0.357450390090492,18.1891323554233,-0.000351821733616418,-0.00580225193865937,0.0453381558239757,0.50999979124915,0.9474,0.949,0.0449271084913763,0.504104913240559
"C1_ZI_37_independence_rho_0","C1","C. Independent outcomes",37,"independence",0,"1,-1,-1",0.385518039538122,23.9596556376553,-0.000232416438672607,-0.0141034901075092,0.0460991166622246,0.972085000104598,0.9518,0.9506,0.0445302791027964,0.967651294021851
"C1_ZI_37_independence_rho_0","C1","C. Independent outcomes",37,"independence",0,"1,-1,1",0.375091706661005,19.9376975934619,-0.000126151356001248,-0.0075521086156664,0.0457200551886909,0.653590831787247,0.9522,0.9498,0.0444875722212466,0.64715947738631
"C1_ZI_37_independence_rho_0","C1","C. Independent outcomes",37,"independence",0,"1,1,-1",0.405524148271675,25.676517204704,0.000295988551363123,-0.00698520401140821,0.0463556282134767,0.878365768806795,0.9522,0.9456,0.044840862824517,0.877099879899182
"C1_ZI_37_independence_rho_0","C1","C. Independent outcomes",37,"independence",0,"1,1,1",0.395097815394558,21.4914192653992,0.000402253634034419,-0.00419251105209121,0.0460037896216752,0.608314966893352,0.955,0.9472,0.0453429767139734,0.605956730093944
