"design_input","value","scenario_id","scenario_label","scenario_family","ZI","corstr","rho","zero_probability","Y0_ref","time_ref"
"response_prob_A1_minus",0.483913698706025,"A1_ZI_37_exchangeable_rho_0.3","A1","A. Correlated outcomes, rho 0.3",37,"exchangeable",0.3,0.37,12,4
"response_prob_A1_plus",0.475738313284774,"A1_ZI_37_exchangeable_rho_0.3","A1","A. Correlated outcomes, rho 0.3",37,"exchangeable",0.3,0.37,12,4
"response_Y0_log_or",-0.0168689971510321,"A1_ZI_37_exchangeable_rho_0.3","A1","A. Correlated outcomes, rho 0.3",37,"exchangeable",0.3,0.37,12,4
"positive_Y0_log_or",0.0156981357762765,"A1_ZI_37_exchangeable_rho_0.3","A1","A. Correlated outcomes, rho 0.3",37,"exchangeable",0.3,0.37,12,4
"positive_time_log_or",0.00173214064939753,"A1_ZI_37_exchangeable_rho_0.3","A1","A. Correlated outcomes, rho 0.3",37,"exchangeable",0.3,0.37,12,4
"first_stage_positive_or_A1_plus_vs_minus",1.02773251909668,"A1_ZI_37_exchangeable_rho_0.3","A1","A. Correlated outcomes, rho 0.3",37,"exchangeable",0.3,0.37,12,4
"responder_positive_or_A1_plus_vs_minus",0.7222116197716,"A1_ZI_37_exchangeable_rho_0.3","A1","A. Correlated outcomes, rho 0.3",37,"exchangeable",0.3,0.37,12,4
"nonresponder_positive_or_A1_plus_vs_minus",1.03320940920241,"A1_ZI_37_exchangeable_rho_0.3","A1","A. Correlated outcomes, rho 0.3",37,"exchangeable",0.3,0.37,12,4
"responder_positive_or_A2_plus_vs_minus",0.85809773474038,"A1_ZI_37_exchangeable_rho_0.3","A1","A. Correlated outcomes, rho 0.3",37,"exchangeable",0.3,0.37,12,4
"nonresponder_positive_or_vs_responder",1.37272199544053,"A1_ZI_37_exchangeable_rho_0.3","A1","A. Correlated outcomes, rho 0.3",37,"exchangeable",0.3,0.37,12,4
"nonresponder_positive_or_A2_plus_vs_minus",1.10558319167946,"A1_ZI_37_exchangeable_rho_0.3","A1","A. Correlated outcomes, rho 0.3",37,"exchangeable",0.3,0.37,12,4
"count_Y0_log_ratio",0.011888458168564,"A1_ZI_37_exchangeable_rho_0.3","A1","A. Correlated outcomes, rho 0.3",37,"exchangeable",0.3,0.37,12,4
"count_time_log_ratio",0.0153444104005919,"A1_ZI_37_exchangeable_rho_0.3","A1","A. Correlated outcomes, rho 0.3",37,"exchangeable",0.3,0.37,12,4
"pre_count_mean_A1_minus",14.7531925838444,"A1_ZI_37_exchangeable_rho_0.3","A1","A. Correlated outcomes, rho 0.3",37,"exchangeable",0.3,0.37,12,4
"pre_count_mean_A1_plus",17.0043756078404,"A1_ZI_37_exchangeable_rho_0.3","A1","A. Correlated outcomes, rho 0.3",37,"exchangeable",0.3,0.37,12,4
"responder_count_mean_ratio_A1_plus_vs_minus",1.06634008888092,"A1_ZI_37_exchangeable_rho_0.3","A1","A. Correlated outcomes, rho 0.3",37,"exchangeable",0.3,0.37,12,4
"nonresponder_count_mean_ratio_A1_plus_vs_minus",1.26981654140279,"A1_ZI_37_exchangeable_rho_0.3","A1","A. Correlated outcomes, rho 0.3",37,"exchangeable",0.3,0.37,12,4
"responder_count_mean_A2_minus",17.2624276208118,"A1_ZI_37_exchangeable_rho_0.3","A1","A. Correlated outcomes, rho 0.3",37,"exchangeable",0.3,0.37,12,4
"responder_count_mean_A2_plus",20.7428842864407,"A1_ZI_37_exchangeable_rho_0.3","A1","A. Correlated outcomes, rho 0.3",37,"exchangeable",0.3,0.37,12,4
"nonresponder_count_mean_A2_minus",30.267594459092,"A1_ZI_37_exchangeable_rho_0.3","A1","A. Correlated outcomes, rho 0.3",37,"exchangeable",0.3,0.37,12,4
"nonresponder_count_mean_A2_plus",22.7772194562899,"A1_ZI_37_exchangeable_rho_0.3","A1","A. Correlated outcomes, rho 0.3",37,"exchangeable",0.3,0.37,12,4
"response_prob_A1_minus",0.483913698706025,"A2_ZI_37_ar1_rho_0.3","A2","A. Correlated outcomes, rho 0.3",37,"ar1",0.3,0.37,12,4
"response_prob_A1_plus",0.475738313284774,"A2_ZI_37_ar1_rho_0.3","A2","A. Correlated outcomes, rho 0.3",37,"ar1",0.3,0.37,12,4
"response_Y0_log_or",-0.0168689971510321,"A2_ZI_37_ar1_rho_0.3","A2","A. Correlated outcomes, rho 0.3",37,"ar1",0.3,0.37,12,4
"positive_Y0_log_or",0.0156981357762765,"A2_ZI_37_ar1_rho_0.3","A2","A. Correlated outcomes, rho 0.3",37,"ar1",0.3,0.37,12,4
"positive_time_log_or",0.00173214064939753,"A2_ZI_37_ar1_rho_0.3","A2","A. Correlated outcomes, rho 0.3",37,"ar1",0.3,0.37,12,4
"first_stage_positive_or_A1_plus_vs_minus",1.02773251909668,"A2_ZI_37_ar1_rho_0.3","A2","A. Correlated outcomes, rho 0.3",37,"ar1",0.3,0.37,12,4
"responder_positive_or_A1_plus_vs_minus",0.7222116197716,"A2_ZI_37_ar1_rho_0.3","A2","A. Correlated outcomes, rho 0.3",37,"ar1",0.3,0.37,12,4
"nonresponder_positive_or_A1_plus_vs_minus",1.03320940920241,"A2_ZI_37_ar1_rho_0.3","A2","A. Correlated outcomes, rho 0.3",37,"ar1",0.3,0.37,12,4
"responder_positive_or_A2_plus_vs_minus",0.85809773474038,"A2_ZI_37_ar1_rho_0.3","A2","A. Correlated outcomes, rho 0.3",37,"ar1",0.3,0.37,12,4
"nonresponder_positive_or_vs_responder",1.37272199544053,"A2_ZI_37_ar1_rho_0.3","A2","A. Correlated outcomes, rho 0.3",37,"ar1",0.3,0.37,12,4
"nonresponder_positive_or_A2_plus_vs_minus",1.10558319167946,"A2_ZI_37_ar1_rho_0.3","A2","A. Correlated outcomes, rho 0.3",37,"ar1",0.3,0.37,12,4
"count_Y0_log_ratio",0.011888458168564,"A2_ZI_37_ar1_rho_0.3","A2","A. Correlated outcomes, rho 0.3",37,"ar1",0.3,0.37,12,4
"count_time_log_ratio",0.0153444104005919,"A2_ZI_37_ar1_rho_0.3","A2","A. Correlated outcomes, rho 0.3",37,"ar1",0.3,0.37,12,4
"pre_count_mean_A1_minus",14.7531925838444,"A2_ZI_37_ar1_rho_0.3","A2","A. Correlated outcomes, rho 0.3",37,"ar1",0.3,0.37,12,4
"pre_count_mean_A1_plus",17.0043756078404,"A2_ZI_37_ar1_rho_0.3","A2","A. Correlated outcomes, rho 0.3",37,"ar1",0.3,0.37,12,4
"responder_count_mean_ratio_A1_plus_vs_minus",1.06634008888092,"A2_ZI_37_ar1_rho_0.3","A2","A. Correlated outcomes, rho 0.3",37,"ar1",0.3,0.37,12,4
"nonresponder_count_mean_ratio_A1_plus_vs_minus",1.26981654140279,"A2_ZI_37_ar1_rho_0.3","A2","A. Correlated outcomes, rho 0.3",37,"ar1",0.3,0.37,12,4
"responder_count_mean_A2_minus",17.2624276208118,"A2_ZI_37_ar1_rho_0.3","A2","A. Correlated outcomes, rho 0.3",37,"ar1",0.3,0.37,12,4
"responder_count_mean_A2_plus",20.7428842864407,"A2_ZI_37_ar1_rho_0.3","A2","A. Correlated outcomes, rho 0.3",37,"ar1",0.3,0.37,12,4
"nonresponder_count_mean_A2_minus",30.267594459092,"A2_ZI_37_ar1_rho_0.3","A2","A. Correlated outcomes, rho 0.3",37,"ar1",0.3,0.37,12,4
"nonresponder_count_mean_A2_plus",22.7772194562899,"A2_ZI_37_ar1_rho_0.3","A2","A. Correlated outcomes, rho 0.3",37,"ar1",0.3,0.37,12,4
"response_prob_A1_minus",0.483913698706025,"B1_ZI_37_exchangeable_rho_0.5","B1","B. Correlated outcomes, rho 0.5",37,"exchangeable",0.5,0.37,12,4
"response_prob_A1_plus",0.475738313284774,"B1_ZI_37_exchangeable_rho_0.5","B1","B. Correlated outcomes, rho 0.5",37,"exchangeable",0.5,0.37,12,4
"response_Y0_log_or",-0.0168689971510321,"B1_ZI_37_exchangeable_rho_0.5","B1","B. Correlated outcomes, rho 0.5",37,"exchangeable",0.5,0.37,12,4
"positive_Y0_log_or",0.0156981357762765,"B1_ZI_37_exchangeable_rho_0.5","B1","B. Correlated outcomes, rho 0.5",37,"exchangeable",0.5,0.37,12,4
"positive_time_log_or",0.00173214064939753,"B1_ZI_37_exchangeable_rho_0.5","B1","B. Correlated outcomes, rho 0.5",37,"exchangeable",0.5,0.37,12,4
"first_stage_positive_or_A1_plus_vs_minus",1.02773251909668,"B1_ZI_37_exchangeable_rho_0.5","B1","B. Correlated outcomes, rho 0.5",37,"exchangeable",0.5,0.37,12,4
"responder_positive_or_A1_plus_vs_minus",0.7222116197716,"B1_ZI_37_exchangeable_rho_0.5","B1","B. Correlated outcomes, rho 0.5",37,"exchangeable",0.5,0.37,12,4
"nonresponder_positive_or_A1_plus_vs_minus",1.03320940920241,"B1_ZI_37_exchangeable_rho_0.5","B1","B. Correlated outcomes, rho 0.5",37,"exchangeable",0.5,0.37,12,4
"responder_positive_or_A2_plus_vs_minus",0.85809773474038,"B1_ZI_37_exchangeable_rho_0.5","B1","B. Correlated outcomes, rho 0.5",37,"exchangeable",0.5,0.37,12,4
"nonresponder_positive_or_vs_responder",1.37272199544053,"B1_ZI_37_exchangeable_rho_0.5","B1","B. Correlated outcomes, rho 0.5",37,"exchangeable",0.5,0.37,12,4
"nonresponder_positive_or_A2_plus_vs_minus",1.10558319167946,"B1_ZI_37_exchangeable_rho_0.5","B1","B. Correlated outcomes, rho 0.5",37,"exchangeable",0.5,0.37,12,4
"count_Y0_log_ratio",0.011888458168564,"B1_ZI_37_exchangeable_rho_0.5","B1","B. Correlated outcomes, rho 0.5",37,"exchangeable",0.5,0.37,12,4
"count_time_log_ratio",0.0153444104005919,"B1_ZI_37_exchangeable_rho_0.5","B1","B. Correlated outcomes, rho 0.5",37,"exchangeable",0.5,0.37,12,4
"pre_count_mean_A1_minus",14.7531925838444,"B1_ZI_37_exchangeable_rho_0.5","B1","B. Correlated outcomes, rho 0.5",37,"exchangeable",0.5,0.37,12,4
"pre_count_mean_A1_plus",17.0043756078404,"B1_ZI_37_exchangeable_rho_0.5","B1","B. Correlated outcomes, rho 0.5",37,"exchangeable",0.5,0.37,12,4
"responder_count_mean_ratio_A1_plus_vs_minus",1.06634008888092,"B1_ZI_37_exchangeable_rho_0.5","B1","B. Correlated outcomes, rho 0.5",37,"exchangeable",0.5,0.37,12,4
"nonresponder_count_mean_ratio_A1_plus_vs_minus",1.26981654140279,"B1_ZI_37_exchangeable_rho_0.5","B1","B. Correlated outcomes, rho 0.5",37,"exchangeable",0.5,0.37,12,4
"responder_count_mean_A2_minus",17.2624276208118,"B1_ZI_37_exchangeable_rho_0.5","B1","B. Correlated outcomes, rho 0.5",37,"exchangeable",0.5,0.37,12,4
"responder_count_mean_A2_plus",20.7428842864407,"B1_ZI_37_exchangeable_rho_0.5","B1","B. Correlated outcomes, rho 0.5",37,"exchangeable",0.5,0.37,12,4
"nonresponder_count_mean_A2_minus",30.267594459092,"B1_ZI_37_exchangeable_rho_0.5","B1","B. Correlated outcomes, rho 0.5",37,"exchangeable",0.5,0.37,12,4
"nonresponder_count_mean_A2_plus",22.7772194562899,"B1_ZI_37_exchangeable_rho_0.5","B1","B. Correlated outcomes, rho 0.5",37,"exchangeable",0.5,0.37,12,4
"response_prob_A1_minus",0.483913698706025,"B2_ZI_37_ar1_rho_0.5","B2","B. Correlated outcomes, rho 0.5",37,"ar1",0.5,0.37,12,4
"response_prob_A1_plus",0.475738313284774,"B2_ZI_37_ar1_rho_0.5","B2","B. Correlated outcomes, rho 0.5",37,"ar1",0.5,0.37,12,4
"response_Y0_log_or",-0.0168689971510321,"B2_ZI_37_ar1_rho_0.5","B2","B. Correlated outcomes, rho 0.5",37,"ar1",0.5,0.37,12,4
"positive_Y0_log_or",0.0156981357762765,"B2_ZI_37_ar1_rho_0.5","B2","B. Correlated outcomes, rho 0.5",37,"ar1",0.5,0.37,12,4
"positive_time_log_or",0.00173214064939753,"B2_ZI_37_ar1_rho_0.5","B2","B. Correlated outcomes, rho 0.5",37,"ar1",0.5,0.37,12,4
"first_stage_positive_or_A1_plus_vs_minus",1.02773251909668,"B2_ZI_37_ar1_rho_0.5","B2","B. Correlated outcomes, rho 0.5",37,"ar1",0.5,0.37,12,4
"responder_positive_or_A1_plus_vs_minus",0.7222116197716,"B2_ZI_37_ar1_rho_0.5","B2","B. Correlated outcomes, rho 0.5",37,"ar1",0.5,0.37,12,4
"nonresponder_positive_or_A1_plus_vs_minus",1.03320940920241,"B2_ZI_37_ar1_rho_0.5","B2","B. Correlated outcomes, rho 0.5",37,"ar1",0.5,0.37,12,4
"responder_positive_or_A2_plus_vs_minus",0.85809773474038,"B2_ZI_37_ar1_rho_0.5","B2","B. Correlated outcomes, rho 0.5",37,"ar1",0.5,0.37,12,4
"nonresponder_positive_or_vs_responder",1.37272199544053,"B2_ZI_37_ar1_rho_0.5","B2","B. Correlated outcomes, rho 0.5",37,"ar1",0.5,0.37,12,4
"nonresponder_positive_or_A2_plus_vs_minus",1.10558319167946,"B2_ZI_37_ar1_rho_0.5","B2","B. Correlated outcomes, rho 0.5",37,"ar1",0.5,0.37,12,4
"count_Y0_log_ratio",0.011888458168564,"B2_ZI_37_ar1_rho_0.5","B2","B. Correlated outcomes, rho 0.5",37,"ar1",0.5,0.37,12,4
"count_time_log_ratio",0.0153444104005919,"B2_ZI_37_ar1_rho_0.5","B2","B. Correlated outcomes, rho 0.5",37,"ar1",0.5,0.37,12,4
"pre_count_mean_A1_minus",14.7531925838444,"B2_ZI_37_ar1_rho_0.5","B2","B. Correlated outcomes, rho 0.5",37,"ar1",0.5,0.37,12,4
"pre_count_mean_A1_plus",17.0043756078404,"B2_ZI_37_ar1_rho_0.5","B2","B. Correlated outcomes, rho 0.5",37,"ar1",0.5,0.37,12,4
"responder_count_mean_ratio_A1_plus_vs_minus",1.06634008888092,"B2_ZI_37_ar1_rho_0.5","B2","B. Correlated outcomes, rho 0.5",37,"ar1",0.5,0.37,12,4
"nonresponder_count_mean_ratio_A1_plus_vs_minus",1.26981654140279,"B2_ZI_37_ar1_rho_0.5","B2","B. Correlated outcomes, rho 0.5",37,"ar1",0.5,0.37,12,4
"responder_count_mean_A2_minus",17.2624276208118,"B2_ZI_37_ar1_rho_0.5","B2","B. Correlated outcomes, rho 0.5",37,"ar1",0.5,0.37,12,4
"responder_count_mean_A2_plus",20.7428842864407,"B2_ZI_37_ar1_rho_0.5","B2","B. Correlated outcomes, rho 0.5",37,"ar1",0.5,0.37,12,4
"nonresponder_count_mean_A2_minus",30.267594459092,"B2_ZI_37_ar1_rho_0.5","B2","B. Correlated outcomes, rho 0.5",37,"ar1",0.5,0.37,12,4
"nonresponder_count_mean_A2_plus",22.7772194562899,"B2_ZI_37_ar1_rho_0.5","B2","B. Correlated outcomes, rho 0.5",37,"ar1",0.5,0.37,12,4
"response_prob_A1_minus",0.483913698706025,"C1_ZI_37_independence_rho_0","C1","C. Independent outcomes",37,"independence",0,0.37,12,4
"response_prob_A1_plus",0.475738313284774,"C1_ZI_37_independence_rho_0","C1","C. Independent outcomes",37,"independence",0,0.37,12,4
"response_Y0_log_or",-0.0168689971510321,"C1_ZI_37_independence_rho_0","C1","C. Independent outcomes",37,"independence",0,0.37,12,4
"positive_Y0_log_or",0.0156981357762765,"C1_ZI_37_independence_rho_0","C1","C. Independent outcomes",37,"independence",0,0.37,12,4
"positive_time_log_or",0.00173214064939753,"C1_ZI_37_independence_rho_0","C1","C. Independent outcomes",37,"independence",0,0.37,12,4
"first_stage_positive_or_A1_plus_vs_minus",1.02773251909668,"C1_ZI_37_independence_rho_0","C1","C. Independent outcomes",37,"independence",0,0.37,12,4
"responder_positive_or_A1_plus_vs_minus",0.7222116197716,"C1_ZI_37_independence_rho_0","C1","C. Independent outcomes",37,"independence",0,0.37,12,4
"nonresponder_positive_or_A1_plus_vs_minus",1.03320940920241,"C1_ZI_37_independence_rho_0","C1","C. Independent outcomes",37,"independence",0,0.37,12,4
"responder_positive_or_A2_plus_vs_minus",0.85809773474038,"C1_ZI_37_independence_rho_0","C1","C. Independent outcomes",37,"independence",0,0.37,12,4
"nonresponder_positive_or_vs_responder",1.37272199544053,"C1_ZI_37_independence_rho_0","C1","C. Independent outcomes",37,"independence",0,0.37,12,4
"nonresponder_positive_or_A2_plus_vs_minus",1.10558319167946,"C1_ZI_37_independence_rho_0","C1","C. Independent outcomes",37,"independence",0,0.37,12,4
"count_Y0_log_ratio",0.011888458168564,"C1_ZI_37_independence_rho_0","C1","C. Independent outcomes",37,"independence",0,0.37,12,4
"count_time_log_ratio",0.0153444104005919,"C1_ZI_37_independence_rho_0","C1","C. Independent outcomes",37,"independence",0,0.37,12,4
"pre_count_mean_A1_minus",14.7531925838444,"C1_ZI_37_independence_rho_0","C1","C. Independent outcomes",37,"independence",0,0.37,12,4
"pre_count_mean_A1_plus",17.0043756078404,"C1_ZI_37_independence_rho_0","C1","C. Independent outcomes",37,"independence",0,0.37,12,4
"responder_count_mean_ratio_A1_plus_vs_minus",1.06634008888092,"C1_ZI_37_independence_rho_0","C1","C. Independent outcomes",37,"independence",0,0.37,12,4
"nonresponder_count_mean_ratio_A1_plus_vs_minus",1.26981654140279,"C1_ZI_37_independence_rho_0","C1","C. Independent outcomes",37,"independence",0,0.37,12,4
"responder_count_mean_A2_minus",17.2624276208118,"C1_ZI_37_independence_rho_0","C1","C. Independent outcomes",37,"independence",0,0.37,12,4
"responder_count_mean_A2_plus",20.7428842864407,"C1_ZI_37_independence_rho_0","C1","C. Independent outcomes",37,"independence",0,0.37,12,4
"nonresponder_count_mean_A2_minus",30.267594459092,"C1_ZI_37_independence_rho_0","C1","C. Independent outcomes",37,"independence",0,0.37,12,4
"nonresponder_count_mean_A2_plus",22.7772194562899,"C1_ZI_37_independence_rho_0","C1","C. Independent outcomes",37,"independence",0,0.37,12,4
