"model_piece","parameter","value","scenario_id","scenario_label","scenario_family","ZI","corstr","rho"
"alpha_response","(Intercept)",0.121682745588987,"A1_ZI_37_exchangeable_rho_0.3","A1","A. Correlated outcomes, rho 0.3",37,"exchangeable",0.3
"alpha_response","A1",-0.0163778005160958,"A1_ZI_37_exchangeable_rho_0.3","A1","A. Correlated outcomes, rho 0.3",37,"exchangeable",0.3
"alpha_response","Y0",-0.0168689971510321,"A1_ZI_37_exchangeable_rho_0.3","A1","A. Correlated outcomes, rho 0.3",37,"exchangeable",0.3
"beta","(Intercept)",-0.355784512655103,"A1_ZI_37_exchangeable_rho_0.3","A1","A. Correlated outcomes, rho 0.3",37,"exchangeable",0.3
"beta","Y0",-0.0156981357762765,"A1_ZI_37_exchangeable_rho_0.3","A1","A. Correlated outcomes, rho 0.3",37,"exchangeable",0.3
"beta","time",-0.00173214064939753,"A1_ZI_37_exchangeable_rho_0.3","A1","A. Correlated outcomes, rho 0.3",37,"exchangeable",0.3
"beta","A1_time",-0.0136774688725101,"A1_ZI_37_exchangeable_rho_0.3","A1","A. Correlated outcomes, rho 0.3",37,"exchangeable",0.3
"beta","R_time",0.0238481322086255,"A1_ZI_37_exchangeable_rho_0.3","A1","A. Correlated outcomes, rho 0.3",37,"exchangeable",0.3
"beta","R_A1_time",0.0543571039798389,"A1_ZI_37_exchangeable_rho_0.3","A1","A. Correlated outcomes, rho 0.3",37,"exchangeable",0.3
"beta","R_A2_time",0.0191296595034498,"A1_ZI_37_exchangeable_rho_0.3","A1","A. Correlated outcomes, rho 0.3",37,"exchangeable",0.3
"beta","R_A1_A2_time",0,"A1_ZI_37_exchangeable_rho_0.3","A1","A. Correlated outcomes, rho 0.3",37,"exchangeable",0.3
"beta","NR_time",-0.0870270553309444,"A1_ZI_37_exchangeable_rho_0.3","A1","A. Correlated outcomes, rho 0.3",37,"exchangeable",0.3
"beta","NR_A1_time",0.00959373274089616,"A1_ZI_37_exchangeable_rho_0.3","A1","A. Correlated outcomes, rho 0.3",37,"exchangeable",0.3
"beta","NR_A2_time",-0.0125466213776077,"A1_ZI_37_exchangeable_rho_0.3","A1","A. Correlated outcomes, rho 0.3",37,"exchangeable",0.3
"beta","NR_A1_A2_time",0,"A1_ZI_37_exchangeable_rho_0.3","A1","A. Correlated outcomes, rho 0.3",37,"exchangeable",0.3
"gamma","(Intercept)",2.60445897787944,"A1_ZI_37_exchangeable_rho_0.3","A1","A. Correlated outcomes, rho 0.3",37,"exchangeable",0.3
"gamma","Y0",0.011888458168564,"A1_ZI_37_exchangeable_rho_0.3","A1","A. Correlated outcomes, rho 0.3",37,"exchangeable",0.3
"gamma","time",0.0153444104005919,"A1_ZI_37_exchangeable_rho_0.3","A1","A. Correlated outcomes, rho 0.3",37,"exchangeable",0.3
"gamma","A1_time",0.0710057721124675,"A1_ZI_37_exchangeable_rho_0.3","A1","A. Correlated outcomes, rho 0.3",37,"exchangeable",0.3
"gamma","R_time",0.0329674149932553,"A1_ZI_37_exchangeable_rho_0.3","A1","A. Correlated outcomes, rho 0.3",37,"exchangeable",0.3
"gamma","R_A1_time",-0.0629767309503376,"A1_ZI_37_exchangeable_rho_0.3","A1","A. Correlated outcomes, rho 0.3",37,"exchangeable",0.3
"gamma","R_A2_time",0.0229588708628296,"A1_ZI_37_exchangeable_rho_0.3","A1","A. Correlated outcomes, rho 0.3",37,"exchangeable",0.3
"gamma","R_A1_A2_time",0,"A1_ZI_37_exchangeable_rho_0.3","A1","A. Correlated outcomes, rho 0.3",37,"exchangeable",0.3
"gamma","NR_time",0.114855288136664,"A1_ZI_37_exchangeable_rho_0.3","A1","A. Correlated outcomes, rho 0.3",37,"exchangeable",0.3
"gamma","NR_A1_time",-0.0411467178065291,"A1_ZI_37_exchangeable_rho_0.3","A1","A. Correlated outcomes, rho 0.3",37,"exchangeable",0.3
"gamma","NR_A2_time",-0.0355395950881917,"A1_ZI_37_exchangeable_rho_0.3","A1","A. Correlated outcomes, rho 0.3",37,"exchangeable",0.3
"gamma","NR_A1_A2_time",0,"A1_ZI_37_exchangeable_rho_0.3","A1","A. Correlated outcomes, rho 0.3",37,"exchangeable",0.3
"alpha_response","(Intercept)",0.121682745588987,"A2_ZI_37_ar1_rho_0.3","A2","A. Correlated outcomes, rho 0.3",37,"ar1",0.3
"alpha_response","A1",-0.0163778005160958,"A2_ZI_37_ar1_rho_0.3","A2","A. Correlated outcomes, rho 0.3",37,"ar1",0.3
"alpha_response","Y0",-0.0168689971510321,"A2_ZI_37_ar1_rho_0.3","A2","A. Correlated outcomes, rho 0.3",37,"ar1",0.3
"beta","(Intercept)",-0.355784512655103,"A2_ZI_37_ar1_rho_0.3","A2","A. Correlated outcomes, rho 0.3",37,"ar1",0.3
"beta","Y0",-0.0156981357762765,"A2_ZI_37_ar1_rho_0.3","A2","A. Correlated outcomes, rho 0.3",37,"ar1",0.3
"beta","time",-0.00173214064939753,"A2_ZI_37_ar1_rho_0.3","A2","A. Correlated outcomes, rho 0.3",37,"ar1",0.3
"beta","A1_time",-0.0136774688725101,"A2_ZI_37_ar1_rho_0.3","A2","A. Correlated outcomes, rho 0.3",37,"ar1",0.3
"beta","R_time",0.0238481322086255,"A2_ZI_37_ar1_rho_0.3","A2","A. Correlated outcomes, rho 0.3",37,"ar1",0.3
"beta","R_A1_time",0.0543571039798389,"A2_ZI_37_ar1_rho_0.3","A2","A. Correlated outcomes, rho 0.3",37,"ar1",0.3
"beta","R_A2_time",0.0191296595034498,"A2_ZI_37_ar1_rho_0.3","A2","A. Correlated outcomes, rho 0.3",37,"ar1",0.3
"beta","R_A1_A2_time",0,"A2_ZI_37_ar1_rho_0.3","A2","A. Correlated outcomes, rho 0.3",37,"ar1",0.3
"beta","NR_time",-0.0870270553309444,"A2_ZI_37_ar1_rho_0.3","A2","A. Correlated outcomes, rho 0.3",37,"ar1",0.3
"beta","NR_A1_time",0.00959373274089616,"A2_ZI_37_ar1_rho_0.3","A2","A. Correlated outcomes, rho 0.3",37,"ar1",0.3
"beta","NR_A2_time",-0.0125466213776077,"A2_ZI_37_ar1_rho_0.3","A2","A. Correlated outcomes, rho 0.3",37,"ar1",0.3
"beta","NR_A1_A2_time",0,"A2_ZI_37_ar1_rho_0.3","A2","A. Correlated outcomes, rho 0.3",37,"ar1",0.3
"gamma","(Intercept)",2.60445897787944,"A2_ZI_37_ar1_rho_0.3","A2","A. Correlated outcomes, rho 0.3",37,"ar1",0.3
"gamma","Y0",0.011888458168564,"A2_ZI_37_ar1_rho_0.3","A2","A. Correlated outcomes, rho 0.3",37,"ar1",0.3
"gamma","time",0.0153444104005919,"A2_ZI_37_ar1_rho_0.3","A2","A. Correlated outcomes, rho 0.3",37,"ar1",0.3
"gamma","A1_time",0.0710057721124675,"A2_ZI_37_ar1_rho_0.3","A2","A. Correlated outcomes, rho 0.3",37,"ar1",0.3
"gamma","R_time",0.0329674149932553,"A2_ZI_37_ar1_rho_0.3","A2","A. Correlated outcomes, rho 0.3",37,"ar1",0.3
"gamma","R_A1_time",-0.0629767309503376,"A2_ZI_37_ar1_rho_0.3","A2","A. Correlated outcomes, rho 0.3",37,"ar1",0.3
"gamma","R_A2_time",0.0229588708628296,"A2_ZI_37_ar1_rho_0.3","A2","A. Correlated outcomes, rho 0.3",37,"ar1",0.3
"gamma","R_A1_A2_time",0,"A2_ZI_37_ar1_rho_0.3","A2","A. Correlated outcomes, rho 0.3",37,"ar1",0.3
"gamma","NR_time",0.114855288136664,"A2_ZI_37_ar1_rho_0.3","A2","A. Correlated outcomes, rho 0.3",37,"ar1",0.3
"gamma","NR_A1_time",-0.0411467178065291,"A2_ZI_37_ar1_rho_0.3","A2","A. Correlated outcomes, rho 0.3",37,"ar1",0.3
"gamma","NR_A2_time",-0.0355395950881917,"A2_ZI_37_ar1_rho_0.3","A2","A. Correlated outcomes, rho 0.3",37,"ar1",0.3
"gamma","NR_A1_A2_time",0,"A2_ZI_37_ar1_rho_0.3","A2","A. Correlated outcomes, rho 0.3",37,"ar1",0.3
"alpha_response","(Intercept)",0.121682745588987,"B1_ZI_37_exchangeable_rho_0.5","B1","B. Correlated outcomes, rho 0.5",37,"exchangeable",0.5
"alpha_response","A1",-0.0163778005160958,"B1_ZI_37_exchangeable_rho_0.5","B1","B. Correlated outcomes, rho 0.5",37,"exchangeable",0.5
"alpha_response","Y0",-0.0168689971510321,"B1_ZI_37_exchangeable_rho_0.5","B1","B. Correlated outcomes, rho 0.5",37,"exchangeable",0.5
"beta","(Intercept)",-0.355784512655103,"B1_ZI_37_exchangeable_rho_0.5","B1","B. Correlated outcomes, rho 0.5",37,"exchangeable",0.5
"beta","Y0",-0.0156981357762765,"B1_ZI_37_exchangeable_rho_0.5","B1","B. Correlated outcomes, rho 0.5",37,"exchangeable",0.5
"beta","time",-0.00173214064939753,"B1_ZI_37_exchangeable_rho_0.5","B1","B. Correlated outcomes, rho 0.5",37,"exchangeable",0.5
"beta","A1_time",-0.0136774688725101,"B1_ZI_37_exchangeable_rho_0.5","B1","B. Correlated outcomes, rho 0.5",37,"exchangeable",0.5
"beta","R_time",0.0238481322086255,"B1_ZI_37_exchangeable_rho_0.5","B1","B. Correlated outcomes, rho 0.5",37,"exchangeable",0.5
"beta","R_A1_time",0.0543571039798389,"B1_ZI_37_exchangeable_rho_0.5","B1","B. Correlated outcomes, rho 0.5",37,"exchangeable",0.5
"beta","R_A2_time",0.0191296595034498,"B1_ZI_37_exchangeable_rho_0.5","B1","B. Correlated outcomes, rho 0.5",37,"exchangeable",0.5
"beta","R_A1_A2_time",0,"B1_ZI_37_exchangeable_rho_0.5","B1","B. Correlated outcomes, rho 0.5",37,"exchangeable",0.5
"beta","NR_time",-0.0870270553309444,"B1_ZI_37_exchangeable_rho_0.5","B1","B. Correlated outcomes, rho 0.5",37,"exchangeable",0.5
"beta","NR_A1_time",0.00959373274089616,"B1_ZI_37_exchangeable_rho_0.5","B1","B. Correlated outcomes, rho 0.5",37,"exchangeable",0.5
"beta","NR_A2_time",-0.0125466213776077,"B1_ZI_37_exchangeable_rho_0.5","B1","B. Correlated outcomes, rho 0.5",37,"exchangeable",0.5
"beta","NR_A1_A2_time",0,"B1_ZI_37_exchangeable_rho_0.5","B1","B. Correlated outcomes, rho 0.5",37,"exchangeable",0.5
"gamma","(Intercept)",2.60445897787944,"B1_ZI_37_exchangeable_rho_0.5","B1","B. Correlated outcomes, rho 0.5",37,"exchangeable",0.5
"gamma","Y0",0.011888458168564,"B1_ZI_37_exchangeable_rho_0.5","B1","B. Correlated outcomes, rho 0.5",37,"exchangeable",0.5
"gamma","time",0.0153444104005919,"B1_ZI_37_exchangeable_rho_0.5","B1","B. Correlated outcomes, rho 0.5",37,"exchangeable",0.5
"gamma","A1_time",0.0710057721124675,"B1_ZI_37_exchangeable_rho_0.5","B1","B. Correlated outcomes, rho 0.5",37,"exchangeable",0.5
"gamma","R_time",0.0329674149932553,"B1_ZI_37_exchangeable_rho_0.5","B1","B. Correlated outcomes, rho 0.5",37,"exchangeable",0.5
"gamma","R_A1_time",-0.0629767309503376,"B1_ZI_37_exchangeable_rho_0.5","B1","B. Correlated outcomes, rho 0.5",37,"exchangeable",0.5
"gamma","R_A2_time",0.0229588708628296,"B1_ZI_37_exchangeable_rho_0.5","B1","B. Correlated outcomes, rho 0.5",37,"exchangeable",0.5
"gamma","R_A1_A2_time",0,"B1_ZI_37_exchangeable_rho_0.5","B1","B. Correlated outcomes, rho 0.5",37,"exchangeable",0.5
"gamma","NR_time",0.114855288136664,"B1_ZI_37_exchangeable_rho_0.5","B1","B. Correlated outcomes, rho 0.5",37,"exchangeable",0.5
"gamma","NR_A1_time",-0.0411467178065291,"B1_ZI_37_exchangeable_rho_0.5","B1","B. Correlated outcomes, rho 0.5",37,"exchangeable",0.5
"gamma","NR_A2_time",-0.0355395950881917,"B1_ZI_37_exchangeable_rho_0.5","B1","B. Correlated outcomes, rho 0.5",37,"exchangeable",0.5
"gamma","NR_A1_A2_time",0,"B1_ZI_37_exchangeable_rho_0.5","B1","B. Correlated outcomes, rho 0.5",37,"exchangeable",0.5
"alpha_response","(Intercept)",0.121682745588987,"B2_ZI_37_ar1_rho_0.5","B2","B. Correlated outcomes, rho 0.5",37,"ar1",0.5
"alpha_response","A1",-0.0163778005160958,"B2_ZI_37_ar1_rho_0.5","B2","B. Correlated outcomes, rho 0.5",37,"ar1",0.5
"alpha_response","Y0",-0.0168689971510321,"B2_ZI_37_ar1_rho_0.5","B2","B. Correlated outcomes, rho 0.5",37,"ar1",0.5
"beta","(Intercept)",-0.355784512655103,"B2_ZI_37_ar1_rho_0.5","B2","B. Correlated outcomes, rho 0.5",37,"ar1",0.5
"beta","Y0",-0.0156981357762765,"B2_ZI_37_ar1_rho_0.5","B2","B. Correlated outcomes, rho 0.5",37,"ar1",0.5
"beta","time",-0.00173214064939753,"B2_ZI_37_ar1_rho_0.5","B2","B. Correlated outcomes, rho 0.5",37,"ar1",0.5
"beta","A1_time",-0.0136774688725101,"B2_ZI_37_ar1_rho_0.5","B2","B. Correlated outcomes, rho 0.5",37,"ar1",0.5
"beta","R_time",0.0238481322086255,"B2_ZI_37_ar1_rho_0.5","B2","B. Correlated outcomes, rho 0.5",37,"ar1",0.5
"beta","R_A1_time",0.0543571039798389,"B2_ZI_37_ar1_rho_0.5","B2","B. Correlated outcomes, rho 0.5",37,"ar1",0.5
"beta","R_A2_time",0.0191296595034498,"B2_ZI_37_ar1_rho_0.5","B2","B. Correlated outcomes, rho 0.5",37,"ar1",0.5
"beta","R_A1_A2_time",0,"B2_ZI_37_ar1_rho_0.5","B2","B. Correlated outcomes, rho 0.5",37,"ar1",0.5
"beta","NR_time",-0.0870270553309444,"B2_ZI_37_ar1_rho_0.5","B2","B. Correlated outcomes, rho 0.5",37,"ar1",0.5
"beta","NR_A1_time",0.00959373274089616,"B2_ZI_37_ar1_rho_0.5","B2","B. Correlated outcomes, rho 0.5",37,"ar1",0.5
"beta","NR_A2_time",-0.0125466213776077,"B2_ZI_37_ar1_rho_0.5","B2","B. Correlated outcomes, rho 0.5",37,"ar1",0.5
"beta","NR_A1_A2_time",0,"B2_ZI_37_ar1_rho_0.5","B2","B. Correlated outcomes, rho 0.5",37,"ar1",0.5
"gamma","(Intercept)",2.60445897787944,"B2_ZI_37_ar1_rho_0.5","B2","B. Correlated outcomes, rho 0.5",37,"ar1",0.5
"gamma","Y0",0.011888458168564,"B2_ZI_37_ar1_rho_0.5","B2","B. Correlated outcomes, rho 0.5",37,"ar1",0.5
"gamma","time",0.0153444104005919,"B2_ZI_37_ar1_rho_0.5","B2","B. Correlated outcomes, rho 0.5",37,"ar1",0.5
"gamma","A1_time",0.0710057721124675,"B2_ZI_37_ar1_rho_0.5","B2","B. Correlated outcomes, rho 0.5",37,"ar1",0.5
"gamma","R_time",0.0329674149932553,"B2_ZI_37_ar1_rho_0.5","B2","B. Correlated outcomes, rho 0.5",37,"ar1",0.5
"gamma","R_A1_time",-0.0629767309503376,"B2_ZI_37_ar1_rho_0.5","B2","B. Correlated outcomes, rho 0.5",37,"ar1",0.5
"gamma","R_A2_time",0.0229588708628296,"B2_ZI_37_ar1_rho_0.5","B2","B. Correlated outcomes, rho 0.5",37,"ar1",0.5
"gamma","R_A1_A2_time",0,"B2_ZI_37_ar1_rho_0.5","B2","B. Correlated outcomes, rho 0.5",37,"ar1",0.5
"gamma","NR_time",0.114855288136664,"B2_ZI_37_ar1_rho_0.5","B2","B. Correlated outcomes, rho 0.5",37,"ar1",0.5
"gamma","NR_A1_time",-0.0411467178065291,"B2_ZI_37_ar1_rho_0.5","B2","B. Correlated outcomes, rho 0.5",37,"ar1",0.5
"gamma","NR_A2_time",-0.0355395950881917,"B2_ZI_37_ar1_rho_0.5","B2","B. Correlated outcomes, rho 0.5",37,"ar1",0.5
"gamma","NR_A1_A2_time",0,"B2_ZI_37_ar1_rho_0.5","B2","B. Correlated outcomes, rho 0.5",37,"ar1",0.5
"alpha_response","(Intercept)",0.121682745588987,"C1_ZI_37_independence_rho_0","C1","C. Independent outcomes",37,"independence",0
"alpha_response","A1",-0.0163778005160958,"C1_ZI_37_independence_rho_0","C1","C. Independent outcomes",37,"independence",0
"alpha_response","Y0",-0.0168689971510321,"C1_ZI_37_independence_rho_0","C1","C. Independent outcomes",37,"independence",0
"beta","(Intercept)",-0.355784512655103,"C1_ZI_37_independence_rho_0","C1","C. Independent outcomes",37,"independence",0
"beta","Y0",-0.0156981357762765,"C1_ZI_37_independence_rho_0","C1","C. Independent outcomes",37,"independence",0
"beta","time",-0.00173214064939753,"C1_ZI_37_independence_rho_0","C1","C. Independent outcomes",37,"independence",0
"beta","A1_time",-0.0136774688725101,"C1_ZI_37_independence_rho_0","C1","C. Independent outcomes",37,"independence",0
"beta","R_time",0.0238481322086255,"C1_ZI_37_independence_rho_0","C1","C. Independent outcomes",37,"independence",0
"beta","R_A1_time",0.0543571039798389,"C1_ZI_37_independence_rho_0","C1","C. Independent outcomes",37,"independence",0
"beta","R_A2_time",0.0191296595034498,"C1_ZI_37_independence_rho_0","C1","C. Independent outcomes",37,"independence",0
"beta","R_A1_A2_time",0,"C1_ZI_37_independence_rho_0","C1","C. Independent outcomes",37,"independence",0
"beta","NR_time",-0.0870270553309444,"C1_ZI_37_independence_rho_0","C1","C. Independent outcomes",37,"independence",0
"beta","NR_A1_time",0.00959373274089616,"C1_ZI_37_independence_rho_0","C1","C. Independent outcomes",37,"independence",0
"beta","NR_A2_time",-0.0125466213776077,"C1_ZI_37_independence_rho_0","C1","C. Independent outcomes",37,"independence",0
"beta","NR_A1_A2_time",0,"C1_ZI_37_independence_rho_0","C1","C. Independent outcomes",37,"independence",0
"gamma","(Intercept)",2.60445897787944,"C1_ZI_37_independence_rho_0","C1","C. Independent outcomes",37,"independence",0
"gamma","Y0",0.011888458168564,"C1_ZI_37_independence_rho_0","C1","C. Independent outcomes",37,"independence",0
"gamma","time",0.0153444104005919,"C1_ZI_37_independence_rho_0","C1","C. Independent outcomes",37,"independence",0
"gamma","A1_time",0.0710057721124675,"C1_ZI_37_independence_rho_0","C1","C. Independent outcomes",37,"independence",0
"gamma","R_time",0.0329674149932553,"C1_ZI_37_independence_rho_0","C1","C. Independent outcomes",37,"independence",0
"gamma","R_A1_time",-0.0629767309503376,"C1_ZI_37_independence_rho_0","C1","C. Independent outcomes",37,"independence",0
"gamma","R_A2_time",0.0229588708628296,"C1_ZI_37_independence_rho_0","C1","C. Independent outcomes",37,"independence",0
"gamma","R_A1_A2_time",0,"C1_ZI_37_independence_rho_0","C1","C. Independent outcomes",37,"independence",0
"gamma","NR_time",0.114855288136664,"C1_ZI_37_independence_rho_0","C1","C. Independent outcomes",37,"independence",0
"gamma","NR_A1_time",-0.0411467178065291,"C1_ZI_37_independence_rho_0","C1","C. Independent outcomes",37,"independence",0
"gamma","NR_A2_time",-0.0355395950881917,"C1_ZI_37_independence_rho_0","C1","C. Independent outcomes",37,"independence",0
"gamma","NR_A1_A2_time",0,"C1_ZI_37_independence_rho_0","C1","C. Independent outcomes",37,"independence",0
